{
  "version": 1,
  "author": "Péntek Dávid",
  "editor": "",
  "parts": [
    {
      "type": "wokwi-arduino-uno",
      "id": "uno",
      "top": 10,
      "left": 20,
      "rotate": 0,
      "hide": false,
      "attrs": {}
    },
    {
      "type": "wokwi-ssd1306",
      "id": "ssd1306",
      "top": 230,
      "left": 100,
      "rotate": 0,
      "hide": false,
      "attrs": { "i2c-address": "0x3D" }
    },
    {
      "type": "wokwi-pushbutton",
      "id": "btn-up",
      "top": 350,
      "left": 140,
      "rotate": 0,
      "hide": false,
      "attrs": { "color": "red" }
    },
    {
      "type": "wokwi-pushbutton",
      "id": "btn-down",
      "top": 450,
      "left": 140,
      "rotate": 0,
      "hide": false,
      "attrs": { "color": "red" }
    },
    {
      "type": "wokwi-pushbutton",
      "id": "btn-left",
      "top": 400,
      "left": 90,
      "rotate": 0,
      "hide": false,
      "attrs": { "color": "red" }
    },
    {
      "type": "wokwi-pushbutton",
      "id": "btn-right",
      "top": 400,
      "left": 190,
      "rotate": 0,
      "hide": false,
      "attrs": { "color": "red" }
    }
  ],
  "connections": [
    [ "uno:GND.2", "ssd1306:GND", "black", [ "v12", "*", "h0" ] ],
    [ "uno:5V", "ssd1306:VIN", "red", [ "v16", "*", "h0" ] ],
    [ "uno:A4", "ssd1306:DATA", "blue", [ "v20", "*", "h0" ] ],
    [ "uno:A5", "ssd1306:CLK", "purple", [ "v24", "*", "h0" ] ],
    [ "uno:2", "btn-up:2.r", "yellow", [ "v-20", "*", "h100" ] ],
    [ "uno:GND.1", "btn-up:1.l", "black", [ "v-20", "*", "h-140" ] ],
    [ "uno:3", "btn-down:2.r", "orange", [ "v-30", "*", "h110" ] ],
    [ "uno:GND.1", "btn-down:1.l", "black", [ "v-20", "*", "h-140" ] ],
    [ "uno:4", "btn-left:2.r", "red", [ "v-40", "*", "h170", "v11" ] ],
    [ "uno:GND.1", "btn-left:1.l", "black", [ "v-20", "*", "h-90" ] ],
    [ "uno:5", "btn-right:2.r", "purple", [ "v-50", "*", "h80" ] ],
    [ "uno:GND.1", "btn-right:1.l", "black", [ "v-20", "*", "h-190", "v-11" ] ]
  ]
}